date,cur_price,open_price,high_price,low_price,trade_quantity,updown_rate
2019-12-04,0.7279,0.7433,0.7436,0.7128,2.34M,-2.08%
2019-12-03,0.7433,0.7354,0.7452,0.729,1.77M,1.09%
2019-12-02,0.7354,0.7472,0.7495,0.728,1.83M,-1.58%
2019-12-01,0.7472,0.7668,0.7712,0.7227,3.30M,-2.57%
2019-11-30,0.7668,0.8025,0.8069,0.7498,3.45M,-4.44%
2019-11-29,0.8025,0.7762,0.8217,0.7726,2.89M,3.38%
2019-11-28,0.7762,0.7641,0.7989,0.7622,3.00M,1.58%
2019-11-27,0.7641,0.7451,0.8118,0.7115,5.00M,2.55%
2019-11-26,0.7451,0.722,0.75,0.7187,8.45M,3.20%
2019-11-25,0.722,0.7364,0.7622,0.6611,8.61M,-1.95%
2019-11-24,0.7364,0.8031,0.8126,0.7307,4.47M,-8.31%
2019-11-23,0.8031,0.7714,0.8075,0.7541,5.69M,4.12%
2019-11-22,0.7714,0.823,0.8334,0.721,7.63M,-6.23%
2019-11-21,0.8226,0.885,0.8912,0.7874,6.53M,-7.05%
2019-11-20,0.885,0.8963,0.9201,0.8838,2.93M,-1.26%
2019-11-19,0.8963,0.9406,0.9416,0.8721,6.33M,-4.71%
2019-11-18,0.9406,1.0244,1.025,0.9063,3.98M,-8.17%
2019-11-17,1.0244,1.0444,1.0444,0.9881,3.79M,-1.92%
2019-11-16,1.0444,1.006,1.0713,0.9956,9.53M,3.82%
2019-11-15,1.006,1.013,1.0746,0.9801,7.12M,-0.69%
2019-11-14,1.013,0.9785,1.0368,0.9507,10.22M,3.52%
2019-11-13,0.9785,0.9637,0.9986,0.9512,5.08M,1.61%
2019-11-12,0.9631,0.9508,0.9862,0.9463,3.66M,1.29%
2019-11-11,0.9508,1.0066,1.0078,0.9254,3.75M,-5.55%
2019-11-10,1.0066,0.9614,1.0254,0.9464,4.47M,4.70%
2019-11-09,0.9615,0.9522,0.9694,0.9439,3.23M,0.97%
2019-11-08,0.9522,0.998,1.0044,0.9257,6.80M,-4.58%
2019-11-07,0.998,1.0322,1.0429,0.9645,7.03M,-3.31%
2019-11-06,1.0322,1.0271,1.0896,1.0158,6.67M,0.50%
2019-11-05,1.0271,0.9838,1.0609,0.9712,7.53M,4.40%
2019-11-04,0.9838,0.9644,0.996,0.9459,4.75M,2.01%
2019-11-03,0.9644,0.9843,0.9951,0.9451,2.41M,-2.02%
2019-11-02,0.9843,0.9745,1.0006,0.9577,7.61M,0.97%
2019-11-01,0.9748,0.9443,0.9853,0.9332,9.46M,3.23%
2019-10-31,0.9443,0.9801,0.9868,0.9239,3.68M,-3.65%
2019-10-30,0.9801,1.0375,1.0382,0.9369,7.34M,-5.53%
2019-10-29,1.0375,1.0269,1.1147,1.0133,8.50M,1.03%
2019-10-28,1.0269,0.9696,1.0939,0.9265,12.03M,5.93%
2019-10-27,0.9693,0.8455,1.0407,0.8391,13.55M,14.57%
2019-10-26,0.846,0.8381,0.9084,0.8157,9.13M,0.95%
2019-10-25,0.8381,0.7812,0.8546,0.7665,5.01M,7.28%
2019-10-24,0.7812,0.7247,0.7911,0.7088,4.40M,7.84%
2019-10-23,0.7244,0.7794,0.7863,0.7086,4.02M,-7.05%
2019-10-22,0.7794,0.8087,0.8181,0.779,2.24M,-3.63%
2019-10-21,0.8087,0.8133,0.8163,0.7958,3.62M,-0.58%
2019-10-20,0.8134,0.7676,0.8269,0.7598,3.06M,5.97%
2019-10-19,0.7676,0.774,0.7778,0.7603,2.21M,-0.80%
2019-10-18,0.7737,0.7967,0.7994,0.7654,2.00M,-2.89%
2019-10-17,0.7967,0.7726,0.8021,0.7626,2.99M,3.14%
2019-10-16,0.7725,0.7967,0.8038,0.7627,2.13M,-3.05%
2019-10-15,0.7967,0.8276,0.8318,0.7918,2.04M,-3.71%
2019-10-14,0.8274,0.8285,0.8323,0.8181,1.39M,-0.12%
2019-10-13,0.8285,0.8334,0.842,0.8232,1.20M,-0.57%
2019-10-12,0.8332,0.8354,0.8432,0.8293,1.28M,-0.25%
2019-10-11,0.8353,0.8908,0.8966,0.8332,3.04M,-6.22%
2019-10-10,0.8907,0.9191,0.9202,0.8821,4.24M,-3.09%
2019-10-09,0.9191,0.9064,0.9386,0.8987,6.45M,1.40%
2019-10-08,0.9064,0.902,0.92,0.8865,5.17M,0.52%
2019-10-07,0.9017,0.8752,0.9124,0.862,4.67M,3.10%
2019-10-06,0.8746,0.8355,0.8919,0.8334,6.18M,4.68%
2019-10-05,0.8355,0.8363,0.8398,0.8259,3.10M,-0.09%
2019-10-04,0.8363,0.817,0.8499,0.8047,3.09M,2.38%
2019-10-03,0.8169,0.8306,0.8336,0.8027,3.09M,-1.65%
2019-10-02,0.8306,0.8072,0.8306,0.8051,2.87M,2.90%
2019-10-01,0.8072,0.8115,0.8296,0.7971,2.78M,-0.53%
2019-09-30,0.8115,0.7946,0.8172,0.7718,3.84M,2.14%
2019-09-29,0.7945,0.8161,0.8168,0.7783,2.12M,-2.64%
2019-09-28,0.8161,0.8178,0.829,0.7848,2.61M,-0.20%
2019-09-27,0.8177,0.8,0.8253,0.7804,3.41M,2.21%
2019-09-26,0.8,0.817,0.8296,0.7602,4.69M,-2.08%
2019-09-25,0.817,0.7884,0.854,0.7608,4.45M,3.63%
2019-09-24,0.7884,1.0139,1.13,0.7022,10.98M,-22.24%
2019-09-23,1.0139,1.0691,1.0698,1.0097,3.01M,-5.17%
2019-09-22,1.0692,1.1155,1.1165,1.0615,2.54M,-4.15%
2019-09-21,1.1155,1.131,1.1427,1.1067,2.50M,-1.38%
2019-09-20,1.131,1.1393,1.1456,1.1079,2.84M,-0.73%
2019-09-19,1.1393,1.1773,1.1773,1.0859,5.44M,-3.22%
2019-09-18,1.1772,1.1058,1.2009,1.1038,5.74M,6.47%
2019-09-17,1.1057,1.0554,1.1233,1.0516,4.39M,4.76%
2019-09-16,1.0554,1.0451,1.0692,1.0381,3.20M,0.96%
2019-09-15,1.0454,1.0485,1.0516,1.0433,2.46M,-0.30%
2019-09-14,1.0485,1.039,1.0556,1.0322,2.62M,0.89%
2019-09-13,1.0392,1.0518,1.0542,1.0144,3.45M,-1.26%
2019-09-12,1.0525,1.0434,1.0583,1.0248,2.26M,0.88%
2019-09-11,1.0434,1.0654,1.0775,1.0272,3.10M,-2.07%
2019-09-10,1.0655,1.0658,1.091,1.0588,2.88M,-0.03%
2019-09-09,1.0658,1.0757,1.0832,1.0394,2.63M,-0.91%
2019-09-08,1.0756,1.0535,1.0858,1.0504,3.02M,2.07%
2019-09-07,1.0538,1.0179,1.073,1.0048,2.46M,3.53%
2019-09-06,1.0179,1.0438,1.0589,1.0156,2.72M,-2.48%
2019-09-05,1.0438,1.0691,1.0746,1.0392,1.76M,-2.37%
2019-09-04,1.0691,1.0853,1.088,1.0475,2.86M,-1.49%
2019-09-03,1.0853,1.0936,1.108,1.072,3.09M,-0.76%
2019-09-02,1.0936,1.0862,1.1053,1.065,2.20M,0.68%
2019-09-01,1.0862,1.0932,1.1032,1.0685,1.78M,-0.64%
2019-08-31,1.0932,1.0757,1.0939,1.0578,1.87M,1.57%
2019-08-30,1.0763,1.0617,1.0892,1.0511,2.10M,1.39%
2019-08-29,1.0616,1.0976,1.0976,1.0295,3.41M,-3.28%
2019-08-28,1.0976,1.1747,1.2026,1.0759,3.67M,-6.56%
2019-08-27,1.1746,1.2301,1.2389,1.1681,1.99M,-4.50%
2019-08-26,1.2301,1.2348,1.2772,1.2072,4.13M,-0.38%
2019-08-25,1.2348,1.2652,1.293,1.2317,3.92M,-2.36%
2019-08-24,1.2646,1.2333,1.2681,1.2015,3.31M,2.63%
2019-08-23,1.2322,1.2388,1.2556,1.2203,3.76M,-0.53%
2019-08-22,1.2388,1.1823,1.2471,1.1585,3.91M,4.79%
2019-08-21,1.1822,1.2227,1.2273,1.1342,3.77M,-3.31%
2019-08-20,1.2227,1.2357,1.2458,1.2064,3.11M,-1.06%
2019-08-19,1.2357,1.2526,1.2637,1.2088,4.50M,-1.32%
2019-08-18,1.2523,1.2087,1.264,1.1818,4.27M,3.58%
2019-08-17,1.209,1.1575,1.2107,1.1381,4.36M,4.45%
2019-08-16,1.1575,1.1653,1.177,1.1205,4.62M,-0.67%
2019-08-15,1.1654,1.1571,1.1836,1.1018,6.67M,0.70%
2019-08-14,1.1572,1.3584,1.3584,1.1143,8.55M,-14.79%
2019-08-13,1.3581,1.3761,1.3798,1.3184,2.55M,-1.30%
2019-08-12,1.376,1.4257,1.4257,1.3612,2.96M,-3.60%
2019-08-11,1.4273,1.3203,1.4399,1.317,5.26M,8.11%
2019-08-10,1.3203,1.3233,1.3558,1.2804,4.46M,-0.23%
2019-08-09,1.3233,1.4311,1.4354,1.3045,5.13M,-7.54%
2019-08-08,1.4312,1.4428,1.4813,1.4028,5.07M,-0.74%
2019-08-07,1.4419,1.4716,1.4973,1.4037,5.47M,-2.02%
2019-08-06,1.4717,1.5495,1.5561,1.452,4.99M,-4.90%
2019-08-05,1.5475,1.5258,1.585,1.5218,5.39M,1.43%
2019-08-04,1.5257,1.5319,1.5444,1.4895,2.72M,-0.41%
2019-08-03,1.5319,1.531,1.5503,1.5179,3.88M,0.06%
2019-08-02,1.531,1.5434,1.5581,1.512,3.65M,-0.80%
2019-08-01,1.5434,1.5851,1.5908,1.5197,3.47M,-2.63%
2019-07-31,1.585,1.5392,1.5896,1.5316,4.66M,2.97%
2019-07-30,1.5392,1.5232,1.5566,1.4947,2.50M,1.05%
2019-07-29,1.5233,1.5318,1.5708,1.4993,4.18M,-0.53%
2019-07-28,1.5313,1.5809,1.5941,1.4596,2.95M,-3.14%
2019-07-27,1.5809,1.6829,1.7278,1.5543,5.92M,-6.05%
2019-07-26,1.6828,1.6888,1.6917,1.6438,4.25M,-0.35%
2019-07-25,1.6888,1.7051,1.7372,1.6781,6.44M,-0.95%
2019-07-24,1.7051,1.5561,1.7168,1.502,9.87M,9.57%
2019-07-23,1.5561,1.6507,1.6595,1.5435,4.67M,-5.73%
2019-07-22,1.6507,1.7235,1.7341,1.6116,5.94M,-4.22%
2019-07-21,1.7235,1.7118,1.7559,1.66,7.07M,0.68%
2019-07-20,1.7119,1.5302,1.8495,1.5264,11.69M,11.87%
2019-07-19,1.5302,1.5272,1.5349,1.4585,7.20M,0.20%
2019-07-18,1.5271,1.4034,1.553,1.3784,11.43M,8.82%
2019-07-17,1.4033,1.3422,1.4681,1.3087,12.50M,4.59%
2019-07-16,1.3418,1.5761,1.6001,1.3274,12.14M,-14.81%
2019-07-15,1.575,1.5644,1.6032,1.3615,20.16M,0.69%
2019-07-14,1.5642,1.8585,1.8728,1.5619,23.01M,-15.81%
2019-07-13,1.858,1.9948,2.0027,1.7997,15.51M,-6.87%
2019-07-12,1.9952,1.917,2.0224,1.8851,17.56M,4.05%
2019-07-11,1.9175,2.2339,2.234,1.863,21.12M,-14.18%
2019-07-10,2.2344,2.4265,2.4804,2.012,18.43M,-7.92%
2019-07-09,2.4266,2.5775,2.5779,2.4158,19.39M,-5.85%
2019-07-08,2.5774,2.3896,2.6706,2.3565,23.04M,7.86%
2019-07-07,2.3897,2.374,2.4058,2.3152,20.83M,0.66%
2019-07-06,2.3741,2.3105,2.4234,2.3105,24.38M,2.75%
2019-07-05,2.3106,2.3131,2.3364,2.2657,17.03M,-0.09%
2019-07-04,2.3128,2.4652,2.4673,2.3091,19.26M,-6.19%
2019-07-03,2.4655,2.3726,2.4696,2.3462,17.81M,3.92%
2019-07-02,2.3726,2.4312,2.4545,2.2234,22.14M,-2.42%
2019-07-01,2.4315,2.489,2.6076,2.2795,22.45M,-2.29%
2019-06-30,2.4885,2.8362,2.861,2.4813,22.65M,-12.26%
2019-06-29,2.8364,2.6737,2.8607,2.5839,25.71M,6.08%
2019-06-28,2.6737,2.4246,2.7666,2.3583,24.16M,10.29%
2019-06-27,2.4242,2.8033,2.8854,2.229,28.89M,-13.51%
2019-06-26,2.8027,2.6894,3.2586,2.5542,41.44M,4.21%
2019-06-25,2.6895,2.3696,2.709,2.2889,21.00M,13.50%
2019-06-24,2.3696,2.2604,2.459,2.1934,18.44M,4.79%
2019-06-23,2.2612,2.2733,2.3351,2.1928,13.87M,-0.51%
2019-06-22,2.2729,2.0603,2.3036,2.0338,16.64M,10.28%
2019-06-21,2.0611,2.0264,2.0936,2.0257,12.74M,1.69%
2019-06-20,2.0268,2.1012,2.1039,2.013,17.62M,-3.53%
2019-06-19,2.1009,2.0556,2.1491,2.0348,17.26M,2.21%
2019-06-18,2.0556,2.1302,2.1319,2.007,20.05M,-3.50%
2019-06-17,2.1302,2.1091,2.1599,2.0865,21.53M,0.99%
2019-06-16,2.1094,2.0911,2.2136,2.0653,24.68M,0.89%
2019-06-15,2.0909,2.1074,2.1694,2.0697,15.37M,-0.77%
2019-06-14,2.1071,2.1036,2.186,2.0245,17.96M,0.17%
2019-06-13,2.1036,2.0562,2.1458,2.0108,15.33M,2.20%
2019-06-12,2.0583,1.973,2.0584,1.9537,13.50M,4.34%
2019-06-11,1.9727,2.0242,2.033,1.9032,11.75M,-2.54%
2019-06-10,2.0241,1.8877,2.0252,1.8525,15.82M,7.23%
2019-06-09,1.8877,1.9939,2.0132,1.8338,14.35M,-5.32%
2019-06-08,1.9939,2.0174,2.0415,1.9539,16.22M,-1.18%
2019-06-07,2.0177,1.9912,2.071,1.9631,15.65M,1.32%
2019-06-06,1.9914,1.972,2.0073,1.8869,13.69M,0.98%
2019-06-05,1.972,1.9627,2.0211,1.9119,6.78M,0.46%
2019-06-04,1.963,2.0839,2.1011,1.9045,9.54M,-5.79%
2019-06-03,2.0835,2.3539,2.3551,2.0552,14.95M,-11.49%
2019-06-02,2.3541,2.221,2.3672,2.2162,12.29M,5.99%
2019-06-01,2.2209,2.2593,2.3392,2.2026,12.70M,-1.71%
2019-05-31,2.2597,2.1698,2.2701,2.0975,9.44M,4.14%
2019-05-30,2.1699,2.2887,2.4772,2.0916,17.87M,-5.19%
2019-05-29,2.2887,2.2624,2.3424,2.1209,11.57M,1.17%
2019-05-28,2.2623,2.2103,2.3021,2.1626,8.69M,2.34%
2019-05-27,2.2105,2.072,2.2636,2.0566,9.02M,6.69%
2019-05-26,2.072,1.9686,2.0832,1.9106,5.29M,5.23%
2019-05-25,1.9691,1.9664,2.0014,1.9478,3.53M,0.16%
2019-05-24,1.966,1.906,2.0369,1.9037,5.43M,3.08%
2019-05-23,1.9073,1.9151,1.9639,1.8043,8.33M,-0.41%
2019-05-22,1.9152,2.1076,2.1436,1.915,10.71M,-9.13%
2019-05-21,2.1076,2.0254,2.137,1.9939,7.76M,4.06%
2019-05-20,2.0254,2.0945,2.1229,1.8735,10.98M,-3.29%
2019-05-19,2.0944,1.8803,2.0998,1.8776,8.38M,11.39%
2019-05-18,1.8801,1.9595,2.0026,1.8679,5.33M,-4.00%
2019-05-17,1.9586,2.1609,2.1819,1.8349,11.29M,-9.36%
2019-05-16,2.1609,2.1836,2.4186,2.0554,20.62M,-1.00%
2019-05-15,2.1827,1.8728,2.2009,1.8664,18.25M,16.55%
2019-05-14,1.8727,1.7194,1.8834,1.7126,12.15M,8.92%
2019-05-13,1.7193,1.6427,1.7979,1.6333,8.03M,4.66%
2019-05-12,1.6427,1.7545,1.8435,1.5922,9.72M,-6.39%
2019-05-11,1.7549,1.591,1.8241,1.5884,9.73M,10.36%
2019-05-10,1.5902,1.5951,1.6239,1.55,5.11M,-0.30%
2019-05-09,1.595,1.655,1.6762,1.5776,7.18M,-3.64%
2019-05-08,1.6553,1.6129,1.6873,1.5718,10.21M,2.61%
2019-05-07,1.6131,1.6084,1.6785,1.6084,9.21M,0.30%
2019-05-06,1.6083,1.5716,1.6555,1.5117,8.48M,2.34%
2019-05-05,1.5715,1.6088,1.6217,1.5679,6.96M,-2.33%
2019-05-04,1.609,1.6966,1.7746,1.5756,9.76M,-5.17%
2019-05-03,1.6967,1.6885,1.7249,1.6401,10.36M,0.48%
2019-05-02,1.6886,1.6045,1.7159,1.5715,9.65M,5.35%
2019-05-01,1.6029,1.5727,1.6339,1.5703,10.16M,1.92%
2019-04-30,1.5727,1.4845,1.5732,1.4845,9.87M,5.94%
2019-04-29,1.4845,1.5318,1.5682,1.4633,10.52M,-3.10%
2019-04-28,1.532,1.5793,1.608,1.5198,9.25M,-3.02%
2019-04-27,1.5797,1.5288,1.6304,1.4882,11.30M,3.34%
2019-04-26,1.5287,1.5062,1.558,1.4418,12.23M,1.50%
2019-04-25,1.5062,1.6665,1.6978,1.4083,13.01M,-9.62%
2019-04-24,1.6664,1.7452,1.7529,1.5656,20.61M,-4.52%
2019-04-23,1.7452,1.8557,1.8764,1.7449,20.69M,-5.99%
2019-04-22,1.8564,1.8475,1.8761,1.8128,18.02M,0.47%
2019-04-21,1.8477,1.9545,1.9648,1.7653,12.00M,-5.47%
2019-04-20,1.9546,1.9637,1.9805,1.9239,8.77M,-0.46%
2019-04-19,1.9635,1.9735,1.9814,1.9063,9.66M,-0.51%
2019-04-18,1.9735,1.9365,1.9883,1.916,8.68M,1.88%
2019-04-17,1.9372,1.9138,1.9497,1.878,8.53M,1.21%
2019-04-16,1.914,1.8458,1.9523,1.8183,6.05M,3.69%
2019-04-15,1.8459,1.9779,2.0187,1.7897,11.47M,-6.67%
2019-04-14,1.9779,1.9164,1.9781,1.8266,10.49M,3.21%
2019-04-13,1.9164,1.9684,1.9973,1.8975,9.13M,-2.64%
2019-04-12,1.9683,1.9928,2.036,1.8607,11.51M,-1.23%
2019-04-11,1.9928,2.2271,2.235,1.8748,15.34M,-10.52%
2019-04-10,2.2271,2.2372,2.3103,2.2045,10.50M,-0.44%
2019-04-09,2.237,2.3298,2.3302,2.1889,11.19M,-3.98%
2019-04-08,2.3298,2.3369,2.4931,2.1914,17.61M,-0.30%
2019-04-07,2.3369,2.3337,2.3677,2.2637,15.87M,0.19%
2019-04-06,2.3325,2.4557,2.4563,2.3015,18.35M,-5.03%
2019-04-05,2.4559,2.127,2.4698,2.127,22.07M,15.47%
2019-04-04,2.1269,1.989,2.2175,1.9611,21.72M,6.94%
2019-04-03,1.989,2.0759,2.2836,1.949,27.62M,-4.18%
2019-04-02,2.0758,1.8362,2.0939,1.8172,25.56M,13.05%
2019-04-01,1.8362,1.8519,1.9162,1.7909,14.59M,-0.85%
2019-03-31,1.8519,1.8905,1.92,1.8422,10.76M,-2.04%
2019-03-30,1.8905,1.9945,2.0229,1.8497,19.23M,-5.17%
2019-03-29,1.9935,1.7476,2.0547,1.7448,19.92M,14.07%
2019-03-28,1.7476,1.7864,1.7864,1.7186,12.89M,-2.17%
2019-03-27,1.7863,1.6267,1.8019,1.6182,16.12M,9.81%
2019-03-26,1.6267,1.6651,1.6699,1.5643,13.39M,-2.30%
2019-03-25,1.665,1.7263,1.7319,1.607,15.31M,-3.55%
2019-03-24,1.7263,1.7885,1.8381,1.7112,15.00M,-3.48%
2019-03-23,1.7885,1.6599,1.7887,1.6361,15.35M,7.75%
2019-03-22,1.6599,1.5475,1.6827,1.5365,11.55M,7.26%
2019-03-21,1.5475,1.551,1.6472,1.4711,18.09M,-0.22%
2019-03-20,1.551,1.4871,1.5518,1.4494,11.11M,4.30%
2019-03-19,1.487,1.4881,1.5022,1.4645,8.29M,-0.08%
2019-03-18,1.4882,1.5031,1.5329,1.4389,4.97M,-0.99%
2019-03-17,1.5031,1.5297,1.5382,1.4754,4.47M,-1.75%
2019-03-16,1.5299,1.5107,1.5661,1.4879,6.98M,1.27%
2019-03-15,1.5107,1.508,1.6024,1.4869,16.25M,0.18%
2019-03-14,1.5079,1.4173,1.6561,1.3868,17.31M,6.40%
2019-03-13,1.4173,1.4447,1.4665,1.3935,12.22M,-1.89%
2019-03-12,1.4446,1.3386,1.4786,1.2679,15.98M,7.92%
2019-03-11,1.3386,1.3797,1.4013,1.3155,13.19M,-2.98%
2019-03-10,1.3797,1.3611,1.4447,1.3333,15.32M,1.37%
2019-03-09,1.3611,1.2531,1.3623,1.2468,10.85M,8.63%
2019-03-08,1.2529,1.2423,1.2946,1.2221,4.31M,0.86%
2019-03-07,1.2423,1.245,1.2648,1.2372,3.57M,-0.21%
2019-03-06,1.2449,1.2202,1.2511,1.205,3.32M,2.00%
2019-03-05,1.2205,1.1761,1.2344,1.1741,3.53M,3.78%
2019-03-04,1.176,1.2392,1.2468,1.1385,4.54M,-5.09%
2019-03-03,1.2391,1.2714,1.2865,1.2296,3.12M,-2.54%
2019-03-02,1.2713,1.3265,1.3362,1.2527,3.47M,-4.16%
2019-03-01,1.3265,1.3049,1.3541,1.304,3.06M,1.66%
2019-02-28,1.3048,1.324,1.3381,1.3009,3.56M,-1.44%
2019-02-27,1.3239,1.3402,1.3532,1.2678,4.54M,-1.21%
2019-02-26,1.3401,1.3186,1.374,1.2872,5.36M,1.62%
2019-02-25,1.3187,1.3142,1.3795,1.2881,6.74M,0.47%
2019-02-24,1.3125,1.3348,1.5266,1.2517,15.27M,-1.67%
2019-02-23,1.3348,1.296,1.3404,1.2623,4.78M,2.99%
2019-02-22,1.2961,1.3198,1.3311,1.2819,2.82M,-1.80%
2019-02-21,1.3198,1.3281,1.3281,1.2376,4.70M,-0.62%
2019-02-20,1.328,1.2847,1.3487,1.2716,5.27M,3.38%
2019-02-19,1.2847,1.3126,1.3427,1.276,4.91M,-2.13%
2019-02-18,1.3126,1.2275,1.3563,1.2139,7.77M,6.93%
2019-02-17,1.2275,1.2173,1.2558,1.1741,6.01M,0.83%
2019-02-16,1.2174,1.1348,1.264,1.1348,5.60M,7.28%
2019-02-15,1.1348,1.1194,1.1625,1.1169,2.77M,1.38%
2019-02-14,1.1194,1.1383,1.1444,1.1065,2.72M,-1.64%
2019-02-13,1.1382,1.158,1.1664,1.1262,2.78M,-1.64%
2019-02-12,1.1572,1.15,1.1647,1.1295,3.62M,0.62%
2019-02-11,1.15,1.1919,1.1939,1.1432,5.65M,-3.54%
2019-02-10,1.1923,1.1548,1.2101,1.1444,9.25M,3.25%
2019-02-09,1.1548,1.1465,1.1628,1.1243,6.04M,0.72%
2019-02-08,1.1465,1.035,1.1489,1.0306,9.10M,10.77%
2019-02-07,1.035,1.023,1.0517,1.0127,7.89M,1.17%
2019-02-06,1.0231,1.0803,1.0862,1.0119,5.88M,-5.30%
2019-02-05,1.0803,1.1072,1.1072,1.0734,7.81M,-2.43%
2019-02-04,1.1072,1.0978,1.127,1.0958,8.18M,0.85%
2019-02-03,1.0978,1.0981,1.1249,1.0794,7.20M,-0.04%
2019-02-02,1.0983,1.0844,1.1064,1.0709,3.42M,1.24%
2019-02-01,1.0848,1.0859,1.0983,1.0446,3.80M,-0.11%
2019-01-31,1.0859,1.133,1.1534,1.0726,2.89M,-4.12%
2019-01-30,1.1326,1.103,1.1481,1.094,7.60M,2.74%
2019-01-29,1.1024,1.1109,1.1206,1.0719,4.30M,-0.77%
2019-01-28,1.1109,1.169,1.1702,1.0683,4.53M,-4.97%
2019-01-27,1.169,1.2328,1.2471,1.1308,3.37M,-5.17%
2019-01-26,1.2328,1.2374,1.297,1.231,1.71M,-0.47%
2019-01-25,1.2386,1.2529,1.2603,1.2201,2.04M,-1.14%
2019-01-24,1.2529,1.2653,1.2692,1.2421,3.98M,-0.98%
2019-01-23,1.2653,1.2911,1.3003,1.2443,3.56M,-2.00%
2019-01-22,1.2911,1.2623,1.3059,1.2332,3.93M,2.27%
2019-01-21,1.2625,1.2481,1.2669,1.2286,4.31M,1.17%
2019-01-20,1.2479,1.2942,1.352,1.2176,4.31M,-3.59%
2019-01-19,1.2944,1.2644,1.342,1.2511,3.24M,2.37%
2019-01-18,1.2644,1.2878,1.2917,1.2338,1.93M,-1.80%
2019-01-17,1.2877,1.2562,1.2907,1.2458,2.02M,2.49%
2019-01-16,1.2564,1.2192,1.2729,1.2111,1.97M,3.06%
2019-01-15,1.2192,1.2702,1.2808,1.2092,2.92M,-4.02%
2019-01-14,1.2703,1.1802,1.2966,1.1714,3.28M,7.63%
2019-01-13,1.1802,1.275,1.2952,1.1699,2.78M,-7.43%
2019-01-12,1.275,1.28,1.297,1.2551,2.32M,-0.37%
2019-01-11,1.2798,1.2616,1.3007,1.2384,3.11M,1.43%
2019-01-10,1.2618,1.5099,1.5578,1.2411,4.71M,-16.43%
2019-01-09,1.5099,1.481,1.5183,1.4785,2.06M,1.95%
2019-01-08,1.481,1.4746,1.5282,1.4456,2.22M,0.42%
2019-01-07,1.4748,1.5493,1.5566,1.4638,2.48M,-4.81%
2019-01-06,1.5493,1.4811,1.5569,1.4503,4.59M,4.50%
2019-01-05,1.4825,1.4493,1.5518,1.447,4.84M,2.33%
2019-01-04,1.4487,1.4402,1.4872,1.4056,5.16M,0.59%
2019-01-03,1.4402,1.4957,1.509,1.4237,2.78M,-3.71%
2019-01-02,1.4957,1.408,1.5197,1.408,4.58M,6.21%
2019-01-01,1.4082,1.3367,1.4125,1.3206,3.93M,5.35%
2018-12-31,1.3367,1.3995,1.4443,1.3162,4.59M,-4.49%
2018-12-30,1.3995,1.4172,1.4312,1.35,3.62M,-1.21%
2018-12-29,1.4166,1.4542,1.4839,1.3836,4.21M,-2.59%
2018-12-28,1.4542,1.2928,1.4566,1.2661,2.89M,12.50%
2018-12-27,1.2926,1.4656,1.4658,1.2795,3.90M,-11.81%
2018-12-26,1.4656,1.4494,1.5257,1.3936,4.67M,1.12%
2018-12-25,1.4494,1.5864,1.5885,1.3912,3.31M,-8.64%
2018-12-24,1.5865,1.6416,1.8635,1.5647,6.39M,-3.36%
2018-12-23,1.6416,1.5417,1.676,1.5395,4.93M,6.48%
2018-12-22,1.5417,1.477,1.5457,1.4499,3.40M,4.38%
2018-12-21,1.477,1.6241,1.6648,1.4533,4.53M,-9.06%
2018-12-20,1.6241,1.338,1.6525,1.3238,7.62M,21.47%
2018-12-19,1.337,1.3243,1.4502,1.2969,6.61M,0.96%
2018-12-18,1.3243,1.2586,1.3325,1.1976,6.32M,5.24%
2018-12-17,1.2584,1.1414,1.2971,1.1304,6.03M,10.23%
2018-12-16,1.1416,1.1063,1.2085,1.1029,5.63M,3.19%
2018-12-15,1.1063,1.1102,1.1386,1.0744,3.88M,-0.35%
2018-12-14,1.1102,1.1852,1.2042,1.0791,5.66M,-6.33%
2018-12-13,1.1852,1.2394,1.3037,1.1596,5.30M,-4.37%
2018-12-12,1.2394,1.271,1.3106,1.2315,4.94M,-3.04%
2018-12-11,1.2783,1.2999,1.3332,1.2536,4.50M,-1.68%
2018-12-10,1.3,1.3547,1.3929,1.2807,4.62M,-4.03%
2018-12-09,1.3547,1.3128,1.4386,1.255,3.82M,3.19%
2018-12-08,1.3128,1.3103,1.3533,1.2023,4.64M,0.20%
2018-12-07,1.3103,1.2407,1.3496,1.1252,4.88M,5.60%
2018-12-06,1.2407,1.3734,1.4183,1.2299,3.97M,-9.65%
2018-12-05,1.3732,1.4814,1.5013,1.3725,4.23M,-7.30%
2018-12-04,1.4814,1.4655,1.5936,1.4126,2.47M,1.20%
2018-12-03,1.4637,1.6117,1.6169,1.4237,4.30M,-9.18%
2018-12-02,1.6117,1.6286,1.6552,1.5984,4.09M,-1.04%
2018-12-01,1.6286,1.5216,1.6519,1.4823,3.65M,7.03%
2018-11-30,1.5216,1.6538,1.6631,1.4429,3.45M,-7.99%
2018-11-29,1.6538,1.6075,1.7436,1.5268,4.51M,2.88%
2018-11-28,1.6076,1.4131,1.6561,1.4129,4.25M,13.77%
2018-11-27,1.4131,1.4397,1.4442,1.3354,3.60M,-1.85%
2018-11-26,1.4397,1.5673,1.5914,1.3754,3.58M,-8.15%
2018-11-25,1.5674,1.5284,1.5968,1.3462,3.52M,2.55%
2018-11-24,1.5285,1.7298,1.7998,1.4869,4.04M,-11.64%
2018-11-23,1.7298,1.8247,1.8481,1.6343,4.66M,-5.21%
2018-11-22,1.8248,2.0346,2.0693,1.8209,2.87M,-10.31%
2018-11-21,2.0346,1.9511,2.0485,1.871,3.48M,4.28%
2018-11-20,1.9511,2.2824,2.3227,1.7134,5.13M,-14.51%
2018-11-19,2.2824,2.7926,2.794,2.2034,3.69M,-18.27%
2018-11-18,2.7926,2.7126,2.8586,2.7123,3.12M,2.93%
2018-11-17,2.713,2.7475,2.7587,2.6847,1.99M,-1.26%
2018-11-16,2.7475,2.8146,2.945,2.6845,2.84M,-2.38%
2018-11-15,2.8146,2.8614,2.8781,2.6249,3.67M,-1.64%
2018-11-14,2.8614,3.2217,3.2683,2.727,3.38M,-11.18%
2018-11-13,3.2217,3.3027,3.3069,3.2155,1.28M,-2.53%
2018-11-12,3.3053,3.2222,3.3252,3.1807,1.46M,2.58%
2018-11-11,3.2222,3.3253,3.3423,3.1633,1.34M,-3.11%
2018-11-10,3.3256,3.3533,3.3638,3.3219,1.27M,-0.82%
2018-11-09,3.3532,3.3381,3.4097,3.308,1.31M,0.45%
2018-11-08,3.3381,3.4393,3.4674,3.3311,1.41M,-2.94%
2018-11-07,3.4393,3.4974,3.5393,3.4218,1.51M,-1.70%
2018-11-06,3.4989,3.3931,3.5481,3.3841,1.52M,3.12%
2018-11-05,3.3931,3.348,3.4327,3.2893,1.31M,1.36%
2018-11-04,3.3475,3.2022,3.3935,3.1879,1.25M,4.54%
2018-11-03,3.2022,3.2716,3.2877,3.1856,1.15M,-2.08%
2018-11-02,3.2701,3.2713,3.3037,3.2214,1.28M,-0.06%
2018-11-01,3.272,3.2844,3.3128,3.2104,1.33M,-0.37%
2018-10-31,3.2843,3.192,3.2987,3.0678,1.42M,2.79%
2018-10-30,3.1951,3.1202,3.1978,3.1114,1.16M,2.41%
2018-10-29,3.1201,3.2478,3.2541,3.052,1.43M,-3.93%
2018-10-28,3.2477,3.2225,3.2556,3.2051,1.07M,0.78%
2018-10-27,3.2225,3.3412,3.3561,3.1849,1.22M,-3.53%
2018-10-26,3.3404,3.3397,3.3706,3.3007,1.29M,0.02%
2018-10-25,3.3397,3.4535,3.4701,3.3369,1.24M,-3.32%
2018-10-24,3.4545,3.3954,3.5783,3.3788,1.47M,1.77%
2018-10-23,3.3945,3.4865,3.5275,3.385,1.41M,-2.60%
2018-10-22,3.4852,3.3729,3.5611,3.3286,1.69M,3.26%
2018-10-21,3.375,3.3683,3.4552,3.3591,1.16M,0.20%
2018-10-20,3.3683,3.3145,3.4237,3.2845,1.08M,1.62%
2018-10-19,3.3145,3.2733,3.3729,3.2183,1.15M,1.26%
2018-10-18,3.2733,3.325,3.4834,3.2286,2.07M,-1.72%
2018-10-17,3.3306,3.244,3.3662,3.1786,1.23M,2.67%
2018-10-16,3.244,3.2544,3.3229,3.1782,1.05M,-0.32%
2018-10-15,3.2545,3.027,3.4554,3.005,2.37M,7.52%
2018-10-14,3.027,3.0877,3.1205,3.0229,1.24M,-1.97%
2018-10-13,3.0878,3.0254,3.1057,3.0182,1.24M,2.06%
2018-10-12,3.0254,3.0023,3.1272,2.9764,1.57M,0.77%
2018-10-11,3.0023,3.5099,3.5111,2.9967,2.30M,-14.40%
2018-10-10,3.5075,3.5205,3.5925,3.4704,1.61M,-0.29%
2018-10-09,3.5179,3.525,3.556,3.452,1.78M,-0.24%
2018-10-08,3.5262,3.4814,3.5709,3.4775,1.72M,1.28%
2018-10-07,3.4817,3.4432,3.4959,3.4055,1.70M,1.12%
2018-10-06,3.4432,3.5259,3.5366,3.4107,2.49M,-2.35%
2018-10-05,3.5259,3.4712,3.55,3.4295,2.63M,1.51%
2018-10-04,3.4733,3.4272,3.5238,3.4125,2.49M,1.52%
2018-10-03,3.4213,3.5412,3.5529,3.3746,2.65M,-3.57%
2018-10-02,3.5479,3.624,3.7011,3.5198,2.36M,-2.23%
2018-10-01,3.6287,3.7141,3.769,3.5366,2.46M,-2.54%
2018-09-30,3.7233,3.6764,3.8195,3.6256,2.51M,1.05%
2018-09-29,3.6847,3.5245,3.749,3.4234,2.58M,4.54%
2018-09-28,3.5245,3.651,3.7063,3.4541,2.35M,-3.46%
2018-09-27,3.651,3.3514,3.7406,3.3061,2.32M,8.94%
2018-09-26,3.3514,3.3788,3.4787,3.2891,1.61M,-0.74%
2018-09-25,3.3764,3.4133,3.4133,3.208,2.20M,-1.03%
2018-09-24,3.4117,3.6336,3.6842,3.3486,2.52M,-6.11%
2018-09-23,3.6336,3.5592,3.7544,3.5382,1.99M,2.12%
2018-09-22,3.5583,3.7005,3.8407,3.4193,1.75M,-3.84%
2018-09-21,3.7005,3.3369,3.7343,3.3028,3.78M,10.90%
2018-09-20,3.3369,3.1304,3.397,3.1304,2.01M,6.60%
2018-09-19,3.1304,3.1621,3.2067,2.9945,2.09M,-1.00%
2018-09-18,3.1621,3.0921,3.2381,3.0546,2.10M,2.26%
2018-09-17,3.0921,3.4088,3.4403,3.0506,2.40M,-9.29%
2018-09-16,3.4088,3.5215,3.5215,3.2817,1.99M,-3.19%
2018-09-15,3.5211,3.4371,3.5633,3.4205,1.82M,2.44%
2018-09-14,3.4372,3.404,3.5308,3.3418,1.98M,0.97%
2018-09-13,3.404,3.2669,3.4779,3.2278,2.25M,4.30%
2018-09-12,3.2637,3.1844,3.2771,3.0382,2.34M,2.49%
2018-09-11,3.1844,3.4734,3.5694,3.0467,3.27M,-8.32%
2018-09-10,3.4733,3.3852,3.5737,3.3496,1.91M,2.60%
2018-09-09,3.3852,3.4007,3.6092,3.2861,2.16M,-0.46%
2018-09-08,3.4007,3.6752,3.7453,3.3353,2.89M,-7.47%
2018-09-07,3.6752,3.9596,4.0162,3.6247,3.00M,-7.16%
2018-09-06,3.9587,3.7339,3.9819,3.4186,4.12M,6.02%
2018-09-05,3.7339,4.806,5.0407,3.6939,3.79M,-22.31%
2018-09-04,4.806,4.4054,5.0734,4.3974,3.81M,9.09%
2018-09-03,4.4054,4.3591,4.5062,4.2137,1.72M,1.07%
2018-09-02,4.3588,4.5149,4.5407,4.1608,1.85M,-3.57%
2018-09-01,4.52,4.2214,4.5962,4.2047,1.89M,7.08%
2018-08-31,4.221,4.2227,4.3416,4.1328,1.58M,-0.04%
2018-08-30,4.2227,4.3583,4.3993,3.9649,1.93M,-3.11%
2018-08-29,4.3583,4.4581,4.6751,4.2575,2.17M,-2.25%
2018-08-28,4.4585,4.1681,4.519,4.1441,1.87M,6.96%
2018-08-27,4.1683,3.8208,4.2363,3.7519,1.75M,9.09%
2018-08-26,3.8208,3.8374,3.839,3.6659,1.09M,-0.42%
2018-08-25,3.837,3.8066,3.898,3.6436,1.05M,0.80%
2018-08-24,3.8066,3.6664,3.8596,3.6066,2.14M,3.82%
2018-08-23,3.6664,3.5131,3.7225,3.4576,1.27M,4.36%
2018-08-22,3.5132,3.8261,4.0987,3.4707,1.55M,-8.18%
2018-08-21,3.8261,3.654,3.9052,3.6348,1.49M,4.71%
2018-08-20,3.654,4.1496,4.2331,3.648,3.40M,-11.94%
2018-08-19,4.1496,4.0715,4.3472,3.9731,4.41M,1.92%
2018-08-18,4.0715,4.4395,4.5717,3.8282,4.96M,-8.22%
2018-08-17,4.4364,3.6987,4.4737,3.666,5.32M,19.94%
2018-08-16,3.6987,3.5434,3.8303,3.5074,4.78M,4.39%
2018-08-15,3.5431,3.5818,3.9704,3.5321,4.15M,-1.24%
2018-08-14,3.5877,3.6006,3.6132,3.2258,3.42M,-0.37%
2018-08-13,3.6011,4.0501,4.1446,3.5289,4.82M,-11.09%
2018-08-12,4.0501,4.1101,4.2464,3.9823,3.25M,-1.53%
2018-08-11,4.113,4.3283,4.3383,4.018,2.39M,-4.97%
2018-08-10,4.3283,4.7808,4.854,4.2903,2.70M,-9.50%
2018-08-09,4.7828,4.438,5.0793,4.3546,2.92M,7.77%
2018-08-08,4.438,4.8031,5.3184,4.2193,4.01M,-7.60%
2018-08-07,4.8031,5.2133,5.3774,4.754,2.08M,-7.86%
2018-08-06,5.213,5.4487,5.5458,5.17,1.67M,-4.28%
2018-08-05,5.4463,5.3673,5.5004,5.2913,1.57M,1.47%
2018-08-04,5.3673,5.4561,5.6783,5.1665,1.78M,-1.63%
2018-08-03,5.4561,5.5132,5.6299,5.1341,1.93M,-1.05%
2018-08-02,5.514,5.9253,6.0072,5.4895,2.35M,-6.94%
2018-08-01,5.9253,6.1195,6.1252,5.7441,3.31M,-3.19%
2018-07-31,6.1204,6.6934,6.6944,5.9726,1.69M,-8.56%
2018-07-30,6.6934,6.8389,6.9201,6.5822,2.33M,-2.13%
2018-07-29,6.8389,6.9338,6.9773,6.802,2.29M,-1.37%
2018-07-28,6.9338,7.0339,7.0466,6.8383,1.35M,-1.31%
2018-07-27,7.0261,6.8331,7.0711,6.7824,950.30K,2.82%
2018-07-26,6.8331,7.1502,7.3564,6.831,1.02M,-4.43%
2018-07-25,7.1502,7.18,7.2876,7.0146,1.34M,-0.41%
2018-07-24,7.18,6.8159,7.2647,6.7293,2.27M,5.34%
2018-07-23,6.8159,7.1648,7.3633,6.8045,846.32K,-4.87%
2018-07-22,7.1648,6.9821,7.4364,6.8663,712.71K,2.62%
2018-07-21,6.9821,6.7248,7.1314,6.6116,651.10K,3.83%
2018-07-20,6.7248,7.572,7.5845,6.7218,1.35M,-11.14%
2018-07-19,7.5677,7.9039,8.1174,7.5129,2.42M,-4.25%
2018-07-18,7.9039,7.8718,8.3724,7.7753,2.41M,0.41%
2018-07-17,7.8718,7.4422,8.0199,7.1897,1.91M,5.77%
2018-07-16,7.4422,6.8478,7.4639,6.7714,1.33M,8.68%
2018-07-15,6.8478,6.6823,6.9337,6.6154,811.88K,2.48%
2018-07-14,6.6823,6.7071,6.9034,6.6678,798.81K,-0.51%
2018-07-13,6.7166,6.717,7.2331,6.6739,1.19M,-0.01%
2018-07-12,6.717,6.8422,6.8683,6.4877,953.07K,-1.83%
2018-07-11,6.8422,6.8236,6.9827,6.6076,953.20K,0.27%
2018-07-10,6.8236,7.2091,7.4331,6.7969,1.35M,-5.28%
2018-07-09,7.2039,7.8147,7.8725,6.9969,1.48M,-7.81%
2018-07-08,7.8142,8.0579,8.2279,7.7784,922.55K,-3.08%
2018-07-07,8.0626,8.0696,8.1286,7.542,929.57K,-0.13%
2018-07-06,8.0732,8.1402,8.1482,7.8286,896.58K,-0.82%
2018-07-05,8.1402,8.1182,8.3597,7.9292,1.20M,0.29%
2018-07-04,8.1163,7.9318,8.5193,7.7529,1.27M,2.35%
2018-07-03,7.9301,8.3818,8.7419,7.8652,1.54M,-5.39%
2018-07-02,8.3818,7.9775,8.7725,7.7854,1.24M,5.05%
2018-07-01,7.9791,7.6195,8.1515,7.588,1.48M,4.68%
2018-06-30,7.6222,7.2001,7.7867,7.1125,741.11K,5.85%
2018-06-29,7.201,6.7352,7.2682,6.6909,697.03K,6.92%
2018-06-28,6.7352,7.2592,7.3131,6.7103,555.29K,-7.22%
2018-06-27,7.2593,7.2397,7.3112,7.1321,386.52K,0.16%
2018-06-26,7.2478,7.8302,7.8611,7.2291,369.18K,-7.45%
2018-06-25,7.8315,7.7865,8.0527,7.5302,541.94K,0.58%
2018-06-24,7.7864,8.2054,8.2229,7.1707,853.62K,-5.05%
2018-06-23,8.2009,8.2087,8.3859,7.9394,554.92K,-0.09%
2018-06-22,8.2087,8.9272,8.9704,8.0967,1.19M,-8.05%
2018-06-21,8.9273,9.1104,9.2179,8.8943,328.33K,-2.00%
2018-06-20,9.1095,9.2241,9.2318,8.921,479.28K,-1.24%
2018-06-19,9.2242,9.4,9.5742,9.1328,529.09K,-1.87%
2018-06-18,9.3999,9.0231,9.6166,8.9222,505.77K,4.18%
2018-06-17,9.0231,9.1495,9.3194,8.9848,341.42K,-1.34%
2018-06-16,9.1455,8.9195,9.4194,8.8868,532.45K,2.53%
2018-06-15,8.9195,9.4292,9.4894,8.8605,504.23K,-5.44%
2018-06-14,9.4331,8.7941,9.6499,8.767,1.01M,7.25%
2018-06-13,8.7957,9.0468,9.2822,8.6586,1.16M,-2.78%
2018-06-12,9.0474,9.9717,10.1242,8.9858,931.37K,-9.25%
2018-06-11,9.9699,9.4457,9.9889,9.259,733.24K,5.55%
2018-06-10,9.446,10.74,10.7468,9.271,1.40M,-12.08%
2018-06-09,10.7437,11.1055,11.2341,10.7118,545.84K,-3.26%
2018-06-08,11.1055,11.4476,11.5371,10.9787,571.55K,-2.96%
2018-06-07,11.4445,11.0609,12.0102,11.0535,915.76K,3.47%
2018-06-06,11.061,11.3119,11.3849,10.791,981.71K,-2.22%
2018-06-05,11.3119,11.0972,11.5348,10.5997,970.89K,1.93%
2018-06-04,11.0976,11.8068,12.0192,10.8851,1.36M,-6.01%
2018-06-03,11.8068,11.5556,12.3545,11.5469,1.43M,2.21%
2018-06-02,11.5512,10.8016,11.8619,10.6786,2.18M,6.94%
2018-06-01,10.8018,10.5785,10.8549,10.3704,1.65M,2.11%
2018-05-31,10.5786,10.3041,10.8938,10.241,1.01M,2.67%
2018-05-30,10.304,10.5055,10.8524,9.9292,754.25K,-1.96%
2018-05-29,10.5103,9.596,10.8041,9.5075,815.15K,9.52%
2018-05-28,9.5967,10.42,10.5925,9.5415,808.66K,-7.90%
2018-05-27,10.42,10.7882,10.7966,10.2344,1.11M,-3.41%
2018-05-26,10.7882,10.6991,11.1597,10.5277,564.56K,0.83%
2018-05-25,10.6993,11.1493,11.4785,10.5562,671.10K,-4.04%
2018-05-24,11.1492,10.5698,11.34,10.0554,1.05M,5.68%
2018-05-23,10.5498,11.4579,11.5875,10.0565,1.16M,-7.91%
2018-05-22,11.456,12.5434,12.9924,11.4043,527.20K,-8.66%
2018-05-21,12.5422,13.0439,13.122,12.2758,403.08K,-3.84%
2018-05-20,13.0428,12.4956,13.2844,12.3648,775.00K,4.24%
2018-05-19,12.5123,12.538,12.9061,12.3179,838.95K,-0.21%
2018-05-18,12.5386,12.3333,12.8186,11.9965,1.11M,1.66%
2018-05-17,12.3333,13.1447,13.5642,12.0992,961.32K,-6.24%
2018-05-16,13.1543,13.5384,13.5526,12.7564,549.70K,-2.84%
2018-05-15,13.5394,14.1806,14.5506,13.4888,487.01K,-4.52%
2018-05-14,14.1806,14.2042,14.6066,13.2035,1.02M,-0.17%
2018-05-13,14.2042,13.6771,14.6929,13.3224,979.61K,3.82%
2018-05-12,13.6815,13.2941,14.1278,12.4476,846.07K,2.91%
2018-05-11,13.2941,15.3454,15.3454,13.0631,1.46M,-13.35%
2018-05-10,15.3417,16.1147,16.4134,15.3146,1.00M,-4.74%
2018-05-09,16.1053,16.0153,16.7404,15.3282,720.05K,0.56%
2018-05-08,16.0153,16.6586,16.827,15.7618,749.92K,-5.28%
2018-05-07,16.9085,16.9708,17.0298,15.7938,930.36K,-0.37%
2018-05-06,16.9708,17.4476,17.7487,16.5655,773.31K,-2.84%
2018-05-05,17.4668,17.8784,18.0038,17.4279,1.01M,-2.30%
2018-05-04,17.8784,18.3409,18.3585,17.2385,1.30M,-2.52%
2018-05-03,18.3415,17.3505,19.0997,17.1496,2.11M,5.76%
2018-05-02,17.3432,17.0395,17.4055,16.6665,986.32K,1.72%
2018-05-01,17.0506,16.9971,17.1747,16.084,876.84K,0.34%
2018-04-30,16.992,18.1958,18.2093,16.8441,1.04M,-6.60%
2018-04-29,18.1923,18.1605,18.6271,17.1952,1.40M,0.26%
2018-04-28,18.1445,17.34,18.4441,17.2138,1.22M,4.65%
2018-04-27,17.3384,18.1739,18.9634,17.3071,2.28M,-4.60%
2018-04-26,18.1739,15.6003,20.7302,15.132,7.06M,16.53%
2018-04-25,15.5961,17.9805,17.9805,14.7359,2.98M,-13.27%
2018-04-24,17.9817,15.8363,18.6906,15.7183,3.24M,13.75%
2018-04-23,15.8082,15.1433,15.9355,15.1054,1.10M,4.39%
2018-04-22,15.1433,15.3159,15.9258,15.0543,1.09M,-1.13%
2018-04-21,15.3159,16.2926,16.2973,14.4049,2.12M,-5.99%
2018-04-20,16.2926,15.7096,16.4046,15.2857,2.04M,3.71%
2018-04-19,15.7096,15.0881,16.0323,14.8914,2.02M,4.29%
2018-04-18,15.063,14.2035,15.2375,14.2035,1.56M,6.05%
2018-04-17,14.2035,15.5044,15.7483,14.1597,2.80M,-8.39%
2018-04-16,15.5044,14.1701,15.6702,13.2005,4.17M,9.42%
2018-04-15,14.1701,13.7851,14.463,13.7851,1.61M,2.79%
2018-04-14,13.7851,12.6857,14.2158,12.6853,2.55M,8.67%
2018-04-13,12.6857,12.0989,16.9418,11.663,6.63M,4.85%
2018-04-12,12.0989,9.8072,12.3576,9.3944,3.68M,23.37%
2018-04-11,9.8071,9.2374,9.8317,9.2332,1.12M,6.14%
2018-04-10,9.2393,9.0768,9.3165,8.8565,622.14K,1.79%
2018-04-09,9.0768,9.5554,9.8118,8.8814,893.06K,-5.01%
2018-04-08,9.5554,9.3643,9.6587,9.2087,442.81K,2.04%
2018-04-07,9.3643,9.2391,9.6154,9.0666,670.32K,1.35%
2018-04-06,9.2391,8.8426,9.4997,8.6512,1.48M,4.48%
2018-04-05,8.8426,8.2145,9.5166,8.048,2.22M,7.59%
2018-04-04,8.219,9.4647,9.4647,8.1128,1.21M,-13.16%
2018-04-03,9.4647,8.697,9.7736,8.644,1.16M,8.77%
2018-04-02,8.7015,8.0864,9.4938,8.0151,1.55M,7.61%
2018-04-01,8.0864,8.1821,8.4312,7.4618,922.88K,-1.17%
2018-03-31,8.1821,8.2525,8.7272,8.1236,726.98K,-0.85%
2018-03-30,8.2525,8.4205,8.7164,7.9482,1.51M,-2.00%
2018-03-29,8.4205,9.6672,9.7816,8.2305,1.69M,-12.90%
2018-03-28,9.6672,9.7025,10.2087,9.607,768.34K,-0.36%
2018-03-27,9.7025,10.2546,10.3434,9.3188,969.15K,-5.38%
2018-03-26,10.2546,10.8513,10.9683,9.3692,1.28M,-5.50%
2018-03-25,10.8513,11.1171,11.1594,10.6069,872.81K,-2.39%
2018-03-24,11.1171,11.4994,11.856,11.0082,1.02M,-3.32%
2018-03-23,11.4994,11.4989,11.5464,10.507,1.09M,0.00%
2018-03-22,11.4989,11.8453,12.401,10.6863,1.56M,-2.92%
2018-03-21,11.8453,12.0882,12.648,11.4906,1.27M,-2.01%
2018-03-20,12.0882,11.5422,12.5157,10.5707,2.04M,4.80%
2018-03-19,11.5344,10.4341,11.5344,9.9662,1.74M,10.55%
2018-03-18,10.4341,9.6964,10.5814,8.3647,2.11M,7.66%
2018-03-17,9.6914,11.1738,11.2167,9.6246,1.35M,-13.27%
2018-03-16,11.1738,11.2231,11.9286,10.7534,1.18M,-0.44%
2018-03-15,11.2231,11.652,11.6846,10.2421,1.85M,-3.68%
2018-03-14,11.652,13.6886,13.7468,11.1627,1.17M,-14.88%
2018-03-13,13.6886,13.6857,14.1539,12.9675,848.12K,0.02%
2018-03-12,13.6857,14.5934,14.8087,13.29,775.54K,-6.22%
2018-03-11,14.5934,13.2966,14.9696,12.6482,1.08M,9.75%
2018-03-10,13.2966,14.863,15.3407,13.1198,1.49M,-10.41%
2018-03-09,14.8415,13.622,15.0981,11.569,2.05M,8.95%
2018-03-08,13.622,14.3735,15.2406,13.0882,1.30M,-5.23%
2018-03-07,14.3735,15.7325,16.3889,13.5084,1.44M,-8.64%
2018-03-06,15.7325,17.1418,17.1418,15.4398,1.12M,-8.26%
2018-03-05,17.1498,17.9327,18.0893,17.1057,685.74K,-4.37%
2018-03-04,17.9327,17.8091,18.4418,16.9925,893.76K,0.69%
2018-03-03,17.8091,18.5197,19.0732,17.6304,1.10M,-3.88%
2018-03-02,18.5279,19.1456,19.3476,17.7168,1.00M,-3.23%
2018-03-01,19.1456,18.3084,19.9703,18.2266,1.06M,4.57%
2018-02-28,18.3084,19.9078,20.8124,18.3064,1.73M,-8.05%
2018-02-27,19.9122,17.7831,20.8618,17.5736,1.63M,12.00%
2018-02-26,17.7784,16.5296,18.0853,15.9806,560.70K,7.59%
2018-02-25,16.5239,16.3742,17.3297,16.0483,500.97K,0.90%
2018-02-24,16.3768,17.3146,18.3138,15.9313,962.16K,-5.41%
2018-02-23,17.3125,16.3115,17.8659,15.5231,1.16M,6.14%
2018-02-22,16.3115,17.571,18.441,15.5816,1.46M,-7.12%
2018-02-21,17.5624,17.9237,19.1725,16.7693,1.87M,-2.01%
2018-02-20,17.9219,17.5611,19.7754,17.4586,1.75M,2.05%
2018-02-19,17.5611,16.3471,18.3753,16.0426,884.01K,7.43%
2018-02-18,16.3471,18.1978,18.2726,15.9659,756.45K,-10.17%
2018-02-17,18.1978,18.039,18.5826,17.5195,748.36K,0.90%
2018-02-16,18.0359,16.4881,18.1331,15.709,1.40M,9.38%
2018-02-15,16.4896,15.5913,16.7852,14.7296,812.62K,5.80%
2018-02-14,15.5852,12.87,15.7454,12.8627,1.15M,21.10%
2018-02-13,12.87,12.7282,12.991,12.131,284.89K,1.11%
2018-02-12,12.7282,11.7724,12.9918,11.7246,354.18K,8.12%
2018-02-11,11.7724,12.2809,12.5796,10.8435,441.83K,-4.05%
2018-02-10,12.2693,13.0647,13.6387,11.5882,733.12K,-6.09%
2018-02-09,13.0647,12.1781,13.1124,11.4085,645.93K,7.27%
2018-02-08,12.1788,10.8246,12.3263,10.8246,712.50K,12.54%
2018-02-07,10.8216,11.2845,12.4826,10.1017,1.09M,-4.06%
2018-02-06,11.2795,9.1177,11.3886,7.2015,1.96M,23.40%
2018-02-05,9.1407,11.5373,12.1693,8.515,1.63M,-20.68%
2018-02-04,11.5233,13.9634,14.1086,11.1414,699.43K,-17.63%
2018-02-03,13.989,13.1716,14.3585,11.8761,476.13K,6.21%
2018-02-02,13.1716,13.851,13.8739,10.3885,1.21M,-4.91%
2018-02-01,13.851,15.9071,16.0576,12.9742,1.06M,-12.93%
2018-01-31,15.9071,14.7953,16.1295,14.1186,743.03K,7.52%
2018-01-30,14.7953,16.8754,17.8493,14.314,1.40M,-12.35%
2018-01-29,16.88,17.179,17.49,16.05,761.88K,-1.74%
2018-01-28,17.179,15.808,17.421,15.555,1.71M,8.67%
2018-01-27,15.809,16.555,16.858,15.2,4.10M,-3.97%
2018-01-26,16.462,17.971,18.752,14.475,6.15M,-8.40%
2018-01-25,17.971,17.985,19.18,16.535,2.19M,-0.54%
2018-01-24,18.068,15.977,18.535,15.207,1.21M,13.08%
2018-01-23,15.978,15.607,16.56,14.058,1.24M,2.38%
2018-01-22,15.607,16.9,17.927,14.029,2.16M,-7.65%
2018-01-21,16.9,19.664,19.666,16.096,1.13M,-14.06%
2018-01-20,19.664,18.417,19.78,18.356,1.73M,6.77%
2018-01-19,18.417,17.244,18.86,16.618,1.39M,6.80%
2018-01-18,17.244,18.22,19.2,16.755,2.49M,-5.25%
2018-01-17,18.2,16.761,18.85,12.155,3.39M,7.41%
2018-01-16,16.945,22.34,22.408,13.55,5.10M,-24.12%
2018-01-15,22.33,23.422,24.55,22.192,1.19M,-4.64%
2018-01-14,23.417,25.5,25.67,21.784,1.27M,-8.17%
2018-01-13,25.5,22.758,25.95,22.291,2.09M,12.43%
2018-01-12,22.68,21.396,23,20.5,1.95M,6.00%
2018-01-11,21.396,23.165,23.801,19,3.12M,-7.66%
2018-01-10,23.17,25.1,25.41,21.5,2.33M,-7.69%
2018-01-09,25.1,23.73,26.24,22.5,3.60M,5.77%
2018-01-08,23.73,24.33,28.5,18.85,7.12M,-2.47%
2018-01-07,24.33,19.19,24.5,19.02,4.31M,26.78%
2018-01-06,19.19,18.59,19.81,18,1.56M,3.23%
2018-01-05,18.59,19.66,20.3,17.9,2.16M,-5.44%
2018-01-04,19.66,20.56,21.98,19.3,2.30M,-4.38%
2018-01-03,20.56,20.13,21.33,18.81,2.37M,2.14%
2018-01-02,20.13,19.18,22.64,18.51,4.75M,4.95%
2018-01-01,19.18,19.6,20.83,17.82,3.56M,-2.14%